SMPLID	Mophological.cluster.G4_0	Mophological.cluster.G4_1	Mophological.cluster.G4_2	Mophological.cluster.G4_3	Mophological.cluster.G4_4	Mophological.cluster.G4_5	Mophological.cluster.G4_6	Mophological.cluster.G4_7	Mophological.cluster.G4_8	Mophological.cluster.G4_9	Mophological.cluster.G4_10	Mophological.cluster.G4_11	Mophological.cluster.G4_12	Mophological.cluster.G4_13	Mophological.cluster.G4_14	Mophological.cluster.G4_15	Mophological.cluster.G4_16	Mophological.cluster.G4_17	Mophological.cluster.G4_18	Mophological.cluster.G4_19	Mophological.cluster.G4_20	Mophological.cluster.G4_21	Mophological.cluster.G4_22	Mophological.cluster.G4_23	Mophological.cluster.G4_24	Mophological.cluster.G4_25	Mophological.cluster.G4_26	Mophological.cluster.G4_27	Mophological.cluster.G4_28	Mophological.cluster.G4_29	Mophological.cluster.G4_30	Mophological.cluster.G4_31
GTEX.111FC.0826	165	467	6	1157	335	929	6	271	135	80	1	196	27	66	136	1928	651	28	0	169	41	210	694	7	498	9	106	34	961	167	97	0
GTEX.111YS.0426	1	99	0	114	57	5	115	5	171	173	15	151	0	132	52	35	36	33	0	313	422	12	279	302	0	72	2	134	35	42	190	17
GTEX.1122O.0826	0	5	1	23	60	0	496	230	164	0	11	70	165	8	63	3	8	62	0	18	795	6	45	2336	0	2004	0	274	0	92	175	18
GTEX.117YW.0326	828	293	157	793	956	125	0	216	42	24	0	243	192	491	81	33	1648	202	0	121	21	1594	281	9	49	3	39	2	3082	549	294	25
GTEX.117YX.1126	8	0	2	10	67	16	2409	13	175	26	1017	122	0	24	268	0	27	50	0	68	424	20	5	285	3	55	23	152	0	88	2	805
GTEX.11DXX.0326	30	12	11	0	51	4	1513	76	241	31	2676	140	44	10	544	9	4	81	0	63	247	10	10	1131	3	1688	32	184	0	132	18	2311
GTEX.11DXY.0826	186	42	50	135	86	334	0	60	61	200	1	252	35	13	109	180	185	52	0	230	9	56	35	3	850	0	76	4	103	119	18	0
GTEX.11DXZ.0626	173	52	985	47	71	421	139	128	57	276	53	118	23	274	319	45	228	18	0	124	115	1443	616	254	99	44	886	62	15	59	89	503
GTEX.11EM3.0626	1	15	0	1	25	2	340	16	216	8	928	68	0	21	211	0	0	19	0	91	83	2	2	1976	0	356	1	203	0	40	7	795
GTEX.11EMC.0726	29	591	3	1213	437	903	212	89	187	1975	2	280	2	169	64	695	496	129	0	398	438	86	515	11	54	34	75	44	170	225	55	5
GTEX.11GS4.0526	1069	6	3421	44	152	158	1	49	20	37	0	244	30	68	104	64	252	61	0	71	7	601	124	2	715	0	795	1	134	85	27	17
GTEX.11GSP.1326	287	11	2630	116	317	52	7	0	120	17	19	234	0	88	247	40	249	57	0	120	121	1304	579	311	254	5	1479	25	8	426	92	335
GTEX.11I78.0826	32	2	21	38	144	33	1568	159	254	35	1400	183	34	58	598	12	54	99	0	102	765	89	87	2171	3	119	551	256	1	115	21	2018
GTEX.11LCK.0926	0	166	0	72	152	6	412	73	481	42	401	33	9	76	188	59	31	41	0	96	858	31	277	3924	0	2229	1	164	14	117	783	248
GTEX.11O72.1126	6	635	0	1984	534	121	15	298	217	508	4	111	187	414	37	1724	176	33	0	160	122	87	310	14	5	42	48	60	832	275	1181	3
GTEX.11ONC.0126	780	299	425	6	171	2562	2	60	79	41	16	207	14	390	345	15	312	39	0	464	9	349	93	7	3366	2	2791	15	237	93	7	18
GTEX.11TT1.1326	87	95	290	10	77	6	167	110	336	16	502	244	104	99	1177	3	11	109	0	169	153	73	6	1278	3	958	431	48	26	77	190	4550
GTEX.11TUW.1026	892	32	5439	502	458	43	2	82	84	3	2	283	35	102	185	31	759	47	0	181	69	2175	911	42	398	3	690	1	210	155	314	67
GTEX.11ZUS.0226	343	286	128	333	262	888	1	14	114	139	1	258	1	649	56	316	723	89	0	405	3	1244	258	8	476	0	427	3	1727	106	112	1
GTEX.11ZVC.0426	113	299	66	311	171	461	77	353	146	410	23	60	75	230	183	699	153	9	0	286	219	335	789	126	621	29	1208	396	37	96	132	25
GTEX.1211K.0626	0	53	0	8	67	16	467	277	331	8	1069	221	57	8	689	1	7	77	0	374	209	0	3	664	1	830	30	40	2	131	4	833
GTEX.1212Z.0626	442	135	518	570	274	1094	1	115	123	29	0	168	94	739	103	236	785	59	0	157	16	3493	1502	20	492	6	1096	15	175	204	408	2
GTEX.12584.0926	273	35	132	31	101	1805	12	104	113	123	18	106	11	108	354	21	183	10	0	411	21	149	167	34	1152	2	2058	9	16	78	2	7
GTEX.12696.1126	74	175	182	324	173	824	112	9	288	205	177	193	0	219	698	278	193	103	0	690	247	380	406	293	186	109	1464	44	54	55	181	415
GTEX.1269C.0826	73	711	52	279	95	330	11	3	153	151	2	162	0	75	98	1263	241	47	0	300	34	114	116	3	90	6	230	104	191	29	436	17
GTEX.12BJ1.0226	10	4	0	6	75	0	233	27	271	1	2796	214	0	6	452	0	10	145	0	40	241	17	18	2022	0	1237	5	54	0	104	44	3626
GTEX.12WSC.1126	202	44	413	452	263	445	2	115	104	126	3	180	15	200	199	436	611	128	0	111	15	1204	1598	44	203	5	653	11	64	125	223	32
GTEX.12WSD.1126	31	809	81	553	151	132	1	24	230	81	1	184	5	697	76	496	141	67	0	235	48	308	904	71	49	180	329	199	243	45	762	13
GTEX.12WSG.0526	620	13	282	64	145	1243	7	50	82	293	2	52	0	148	127	62	358	6	0	77	7	395	66	5	1074	0	1093	27	30	35	2	7
GTEX.12WSK.0626	20	4	7	9	51	13	219	195	83	27	344	126	74	10	628	0	26	18	0	57	165	63	29	992	1	97	23	10	2	83	9	1318
GTEX.12WSN.5001	0	0	0	0	0	0	0	0	15	0	0	4	0	0	0	0	0	44	2714	0	0	0	0	0	0	0	0	0	0	0	0	0
GTEX.12ZZW.1026	50	866	0	463	430	360	79	31	174	935	0	324	59	368	151	544	340	282	0	742	198	74	246	44	51	55	36	136	465	281	300	0
GTEX.12ZZY.1126	237	260	149	420	277	832	14	117	171	1152	1	167	17	402	153	409	344	53	0	858	60	428	368	9	460	8	1000	37	237	95	94	1
GTEX.12ZZZ.1726	768	186	807	1640	997	496	24	90	151	349	0	580	39	272	211	633	1419	125	0	328	322	2010	2071	20	1614	10	1587	63	452	437	825	14
GTEX.13112.0426	6	160	0	1029	179	131	4	107	157	115	0	125	62	52	18	1529	208	84	0	204	44	30	1261	19	5	12	3	59	66	141	382	0
GTEX.1313W.1426	146	1409	1	655	436	313	0	29	252	186	0	124	1	510	48	431	404	21	0	190	23	218	81	0	56	20	25	42	1294	122	364	0
GTEX.1314G.0126	9	1026	10	357	120	1162	19	541	314	1387	12	46	192	602	140	682	254	9	0	579	118	62	488	52	36	57	394	110	159	52	196	19
GTEX.131XE.0626	399	262	1276	84	274	32	12	16	165	15	2	130	3	720	314	21	265	26	0	90	60	915	113	79	29	259	397	134	192	111	533	1045
GTEX.131XF.5001	0	0	0	0	0	0	0	0	0	0	0	0	0	0	0	0	0	85	1296	0	0	0	0	0	0	0	0	0	0	0	0	0
GTEX.131XG.0626	4	3	4	68	227	2	1070	130	433	4	1464	65	18	10	773	4	45	81	0	46	1468	50	152	2875	0	979	28	282	0	206	225	2653
GTEX.131XH.0226	9	1366	3	546	379	72	33	109	366	400	29	74	36	364	23	1059	130	37	0	228	140	77	311	78	2	644	112	864	140	111	1130	3
GTEX.132AR.2026	17	37	2	7	111	176	821	41	366	280	536	97	0	364	674	2	44	47	0	346	647	55	118	1016	1	86	463	43	0	171	1	1749
GTEX.132NY.1726	163	505	19	380	202	1763	4	45	143	159	2	162	1	647	161	362	527	19	0	442	57	236	432	22	328	10	757	5	329	92	35	5
GTEX.132QS.0426	17	5	0	41	72	3	44	16	310	0	950	98	2	2	242	6	8	36	0	60	146	3	11	1450	0	2645	3	129	0	84	174	644
GTEX.1339X.0426	0	15	0	42	111	0	308	3	372	33	146	28	0	55	136	5	11	35	0	40	475	20	16	1410	0	2882	2	720	6	113	701	133
GTEX.1399R.1926	41	7	78	137	225	3	36	21	452	25	70	155	2	176	655	38	143	53	0	53	805	398	347	3528	0	1476	21	1112	12	135	819	3172
GTEX.1399S.1026	2	16	0	5	39	1	564	33	352	7	1242	102	2	1	508	13	3	73	0	69	333	0	17	2272	0	2450	0	72	0	81	133	2721
GTEX.1399T.0426	1790	6	3161	25	424	16	0	205	7	7	0	335	128	13	159	20	146	217	0	10	5	716	21	2	86	1	111	0	68	657	17	73
GTEX.1399U.0526	1	2	0	53	104	0	30	173	514	0	124	120	187	10	113	1	2	66	0	47	380	5	7	1417	0	6671	1	33	1	264	568	75
GTEX.139YR.0826	27	48	16	8	51	0	197	80	252	2	1291	131	40	64	604	0	4	89	0	61	198	10	5	1254	1	841	10	105	6	55	153	7345
GTEX.13CF2.0426	18	370	15	288	73	88	6	130	102	73	0	211	55	337	28	225	138	19	0	319	91	85	421	34	24	73	49	60	211	33	556	2
GTEX.13CF3.0726	0	60	0	32	109	10	434	106	615	0	442	68	19	6	285	25	12	44	0	310	908	11	32	1351	0	2327	3	74	6	92	150	127
GTEX.13D11.1726	0	5	0	25	84	0	1546	253	333	2	1162	57	205	3	355	3	7	36	0	29	818	1	7	3134	0	3134	32	882	1	271	103	4432
GTEX.13FH7.0926	5	1	3	5	8	23	1286	37	238	18	2603	69	15	1	483	1	1	38	0	107	171	8	6	352	5	11	32	91	0	27	0	690
GTEX.13FHP.1026	173	96	515	41	85	571	10	37	72	84	5	263	0	369	144	116	163	44	0	545	28	1299	556	59	434	14	1667	30	52	126	96	18
GTEX.13FLV.0926	1	134	0	2101	426	2	1	525	210	0	2	156	271	25	73	377	97	68	0	36	381	27	519	34	2	93	2	32	27	334	2250	3
GTEX.13FTW.1026	15	66	1	51	223	4	2725	96	818	14	2568	113	5	25	833	15	35	191	0	121	1197	24	36	3757	2	4749	6	602	12	267	284	1647
GTEX.13FTZ.0226	59	796	121	982	459	85	67	144	306	506	2	223	53	571	75	1090	200	38	0	550	501	271	268	61	36	209	196	678	285	321	1239	69
GTEX.13JVG.1326	608	904	1309	140	212	2049	110	86	200	544	16	578	46	107	447	322	456	225	0	1369	111	894	716	32	3915	46	2732	102	175	202	55	31
GTEX.13N11.0426	10	19	3	87	166	8	662	97	220	4	192	133	23	36	393	92	61	52	0	71	625	95	236	1510	0	317	27	47	3	133	125	311
GTEX.13N1W.1026	77	233	139	754	323	148	37	122	134	2131	1	225	37	151	65	1057	367	43	0	257	193	230	650	22	71	5	113	235	107	300	392	6
GTEX.13NYB.0226	323	355	179	341	251	249	27	16	113	187	1	306	1	797	88	570	475	44	0	350	114	783	435	26	136	12	338	51	944	143	298	5
GTEX.13NZB.0226	49	1121	21	949	168	884	12	75	222	532	0	101	5	205	68	1960	364	20	0	186	19	284	324	19	138	50	144	57	1199	31	502	2
GTEX.13O1R.1226	464	118	32	351	525	943	10	17	230	577	1	155	0	130	152	355	906	127	0	139	68	433	320	12	305	58	111	16	472	107	207	1
GTEX.13O21.2326	0	39	0	50	58	20	1540	19	236	19	4	53	0	21	23	9	12	27	0	118	594	11	31	203	1	3231	11	215	5	255	284	10
GTEX.13O3O.1526	12	2264	0	532	225	290	1	100	103	20	0	142	34	284	6	632	168	27	0	363	12	4	111	6	21	35	20	34	1639	75	401	0
GTEX.13O3P.1626	116	956	74	816	285	143	14	101	167	178	2	38	47	370	84	1313	261	16	0	91	228	293	891	115	106	142	149	104	307	92	903	12
GTEX.13O61.0526	0	0	0	4	30	0	1158	22	145	0	47	14	11	0	26	1	5	4	0	12	291	0	6	372	0	576	0	144	0	24	12	15
GTEX.13OVG.0526	404	171	352	388	639	37	38	231	578	644	5	327	258	347	314	63	431	114	0	196	825	377	145	182	141	92	111	983	324	254	356	32
GTEX.13OVL.0526	45	895	6	2935	507	128	126	143	452	830	0	530	32	96	51	3606	400	44	0	369	659	80	344	31	12	61	47	160	498	192	726	5
GTEX.13OW5.1126	808	34	275	304	229	1004	33	263	204	933	62	122	83	1128	356	123	334	285	0	336	28	330	34	18	1386	5	1097	107	104	67	8	8
GTEX.13OW6.1126	1081	51	121	90	190	1348	3	84	137	294	0	242	44	212	96	177	811	35	0	276	27	1339	530	12	2194	0	225	12	275	167	46	1
GTEX.13OW8.2126	2	5815	0	1605	330	35	1	110	416	15	2	219	15	187	23	419	47	202	0	334	7	1	20	3	3	96	4	18	1792	162	788	0
GTEX.13PVQ.1226	432	251	169	157	225	1040	0	23	69	55	7	141	1	257	138	140	312	46	0	73	4	158	165	9	1631	11	933	7	343	156	21	9
GTEX.13PVR.1026	5	9	0	15	74	11	957	137	131	29	1278	63	104	30	193	0	15	15	0	120	337	0	15	955	0	237	7	125	0	133	10	749
GTEX.13QBU.0426	1	554	0	82	302	9	196	132	2377	31	91	132	15	115	242	4	35	180	0	349	910	5	37	1776	0	9750	9	419	61	291	632	56
GTEX.13RTJ.0726	460	927	480	628	579	1587	4	87	125	198	1	172	26	235	446	814	830	223	0	193	245	1287	1763	68	1039	11	2687	45	591	367	249	8
GTEX.13S86.0226	4	347	11	77	86	42	1360	26	518	195	224	112	3	443	398	28	21	150	0	90	883	130	261	1318	1	347	359	390	28	43	218	1197
GTEX.13SLX.1026	646	352	199	668	341	278	2	51	162	17	1	91	10	376	155	525	295	38	0	137	24	516	227	14	129	36	239	100	239	196	460	17
GTEX.13U4I.0826	17	62	39	5	60	79	69	27	127	14	1407	32	18	383	489	6	37	2	0	106	103	113	33	1269	10	276	417	73	4	39	10	2826
GTEX.13VXT.1126	18	217	0	71	108	269	295	353	412	1309	550	106	473	446	476	162	94	62	0	305	392	112	137	666	20	60	139	1086	168	306	44	215
GTEX.13W3W.0426	37	309	20	47	110	76	1254	171	597	57	220	360	61	92	653	16	38	67	0	427	1009	51	87	1490	5	1739	111	76	29	192	99	465
GTEX.13X6H.0426	3	10	0	25	142	1	962	11	860	29	199	78	0	29	156	7	16	70	0	62	667	6	6	724	0	1274	0	2035	1	80	86	44
GTEX.13X6I.1426	55	1614	2	475	412	506	4	111	318	30	4	144	23	700	138	128	189	50	0	424	60	63	181	20	185	144	63	16	446	180	504	1
GTEX.13X6K.1826	203	265	277	214	172	679	12	62	153	123	8	194	14	527	148	191	379	18	0	335	111	799	340	32	347	6	901	15	236	88	107	22
GTEX.13YAN.1326	65	152	25	711	256	360	264	11	188	1142	16	97	1	257	114	1336	450	26	0	298	629	529	1029	102	64	16	130	288	111	205	258	9
GTEX.145LV.0326	19	506	15	213	468	83	317	48	479	74	89	135	0	159	423	153	114	125	0	112	984	46	47	343	13	473	112	897	138	347	201	70
GTEX.145MN.0626	25	1	7	5	84	0	131	93	199	0	1638	18	67	4	454	0	8	25	0	4	247	25	7	1591	0	547	0	115	1	119	16	3398
GTEX.145MO.1126	4	47	6	939	349	29	13	7	124	62	0	111	0	100	40	795	122	50	0	88	135	289	618	29	6	13	21	240	8	256	976	2
GTEX.146FH.1026	220	736	403	235	358	180	2	16	133	154	1	86	0	298	115	54	187	21	0	147	38	154	54	3	316	9	1072	23	744	174	286	9
GTEX.146FR.0626	0	6	0	7	59	1	7259	178	500	54	140	120	33	1	65	6	4	48	0	49	1045	0	5	733	0	786	0	850	0	95	14	30
GTEX.147F4.1226	771	558	1924	272	423	983	3	219	89	197	1	567	72	220	265	50	604	205	0	362	33	737	100	1	2144	15	1332	6	1080	177	171	19
GTEX.147JS.1526	11	782	7	1217	313	6	0	10	133	2	0	29	0	543	22	87	133	81	0	50	11	272	523	12	1	132	12	4	627	154	2895	1
GTEX.148VI.0326	183	481	652	204	237	513	22	45	204	510	7	226	4	427	158	193	418	39	0	218	73	950	482	88	204	39	825	45	585	103	86	27
GTEX.148VJ.1526	204	555	54	741	848	149	179	60	181	758	6	367	12	481	152	538	685	109	0	428	658	479	332	65	28	47	70	126	640	537	240	20
GTEX.1497J.1226	3	1783	0	1484	401	3	0	32	145	5	0	69	9	161	9	134	124	23	0	60	9	6	78	3	0	47	0	4	3460	179	1562	1
GTEX.14A5I.1226	28	678	3	580	312	738	108	88	219	2312	1	580	7	270	88	441	414	106	0	919	414	60	393	6	32	9	78	185	280	132	98	0
GTEX.14A6H.0226	0	3480	0	802	73	23	0	58	325	0	1	46	20	160	4	624	16	31	0	197	21	0	101	2	0	104	0	4	297	58	695	0
GTEX.14BIL.1126	61	467	10	315	202	530	0	259	93	148	0	124	822	849	66	116	632	74	0	154	19	942	553	6	95	14	158	3	1228	266	517	0
GTEX.14BIN.2226	113	853	79	157	154	1038	1	138	129	95	0	139	31	686	61	187	264	34	0	282	1	308	123	0	260	1	579	4	1953	118	30	0
GTEX.14C38.1426	831	227	859	1062	241	555	3	25	167	126	7	477	2	261	233	541	1752	89	0	97	55	2012	965	49	245	6	290	4	1351	62	451	40
GTEX.14C39.0926	253	113	86	4034	1250	21	5	19	96	13	2	414	4	120	272	759	1763	118	0	111	572	1265	3500	251	10	30	24	9	537	335	1683	21
GTEX.14C5O.1326	10	1368	0	426	167	108	0	55	166	9	0	111	0	769	12	271	201	21	0	163	8	104	353	21	4	33	1	11	1760	58	1144	1
GTEX.14DAQ.1126	1	889	0	399	171	535	6	83	129	1155	0	147	18	379	55	264	94	129	0	387	190	8	248	9	10	3	74	172	131	281	80	0
GTEX.14E1K.1026	9	11	10	155	127	2	806	30	223	30	241	71	1	88	427	45	54	53	0	122	767	38	209	1236	2	212	110	93	2	95	161	1723
GTEX.14E6C.0426	15	1288	11	499	254	308	17	0	256	83	1	84	0	264	97	691	228	17	0	356	267	79	747	64	12	30	83	109	422	84	178	4
GTEX.14E6D.0926	283	50	1198	212	207	63	0	67	61	69	0	216	28	617	138	78	761	31	0	71	80	3080	1428	83	135	0	999	20	343	110	591	47
GTEX.14E7W.1226	626	175	657	220	269	198	3	78	50	479	1	285	9	277	96	97	669	33	0	121	76	850	493	11	339	3	370	27	183	75	230	4
GTEX.14H4A.0626	0	72	0	15	42	3	3004	64	1883	15	134	114	0	4	101	12	6	263	0	249	1625	0	11	493	0	2183	0	648	4	168	5	0
GTEX.14JG1.1026	251	87	36	97	127	1121	5	23	114	141	4	385	0	97	200	84	454	187	0	348	20	593	418	14	968	6	444	7	85	39	16	1
GTEX.14JIY.1126	561	2	1532	104	344	232	56	113	66	278	6	471	28	52	967	104	660	76	0	273	589	2485	1107	245	47	1	1226	11	5	242	31	806
GTEX.14PHX.2126	17	49	6	145	255	5	1640	109	233	10	94	141	5	10	472	80	99	35	0	96	1450	88	294	1925	0	185	5	35	19	125	80	328
GTEX.14PHY.0226	0	31	0	127	106	1	715	106	163	6	5	171	52	15	53	248	48	15	0	63	1760	8	289	923	0	278	1	157	21	91	391	10
GTEX.14PJ2.1026	36	131	44	307	203	59	35	77	124	585	6	72	7	277	45	295	278	13	0	178	306	214	468	92	5	12	62	172	73	161	245	22
GTEX.14PJ4.1126	295	0	283	2	154	0	152	48	75	1	94	51	5	1	1234	1	0	191	0	5	159	12	4	1380	0	15	0	3	0	475	1	6581
GTEX.14PJ6.0726	0	106	0	22	24	1	852	40	390	1	42	72	1	5	17	3	2	51	0	137	264	0	2	89	0	4323	0	169	1	44	42	0
GTEX.14PJM.1126	191	81	24	652	698	961	5	144	106	830	3	229	56	59	118	853	728	62	0	248	136	142	316	2	342	2	225	85	87	875	24	1
GTEX.14PK6.0826	5	28	0	6	113	9	2184	218	792	31	967	289	24	36	351	3	8	116	0	107	627	4	12	3096	1	2601	5	1070	2	156	51	355
GTEX.14PN3.0526	1	1	1	3	32	1	1906	24	285	7	1571	76	2	1	233	0	1	24	0	68	325	2	27	1919	0	177	0	69	0	56	2	645
GTEX.14XAO.1126	118	67	3	298	475	337	196	196	466	97	88	1559	73	358	2784	10	564	893	0	557	700	386	252	1095	83	125	151	27	318	751	490	219
GTEX.15CHC.0426	0	115	0	87	49	7	543	46	240	47	256	131	3	11	111	173	21	18	0	235	586	3	78	801	0	1369	2	150	8	26	155	107
GTEX.15CHQ.1526	265	58	130	524	383	522	45	21	88	793	1	206	2	261	80	805	843	40	0	263	225	972	1245	9	250	1	189	83	131	182	69	11
GTEX.15CHR.0226	8	99	4	247	255	67	1392	63	717	9	311	485	30	111	363	117	77	116	0	270	1192	40	235	1859	8	2286	26	140	61	336	641	250
GTEX.15DDE.1126	23	349	1	2062	223	18	7	43	237	21	0	185	16	135	44	2003	197	26	0	228	195	120	191	8	2	25	2	103	569	132	1828	1
GTEX.15DYW.1126	240	689	38	161	274	792	1	51	84	137	6	196	5	542	85	312	371	36	0	498	14	151	190	3	491	20	310	51	446	90	82	0
GTEX.15EOM.5007	0	0	0	0	0	0	0	0	51	0	0	87	0	0	1	0	0	278	4750	10	0	0	0	0	0	0	0	0	0	1	0	0
GTEX.15ER7.1726	37	862	55	361	185	218	2	48	241	3	4	136	12	490	146	31	180	27	0	135	222	409	1035	122	85	226	616	6	78	148	1016	49
GTEX.15RIE.1726	33	57	27	611	328	0	1080	126	310	563	1	98	30	103	69	335	131	72	0	19	3335	224	424	861	0	559	23	1160	28	111	1287	64
GTEX.15RJ7.0226	4	8	0	79	200	0	1230	142	341	0	62	100	221	10	174	0	28	25	0	30	1060	9	24	2833	0	1550	0	90	1	272	464	173
GTEX.15RJE.0626	23	23	24	1645	335	57	50	152	237	1963	4	153	87	80	65	2069	372	50	0	167	430	21	462	40	17	1	62	433	12	443	32	8
GTEX.15SHU.1126	4	124	28	997	353	114	48	31	133	1231	1	51	7	117	41	1763	528	18	0	107	190	269	915	20	5	4	42	224	94	112	140	7
GTEX.15SHW.1226	54	19	0	699	430	363	33	124	63	3265	1	312	23	48	17	152	698	45	0	301	146	42	25	1	44	0	31	61	62	90	8	0
GTEX.16BQI.0926	431	296	365	124	396	497	12	1	141	895	4	188	0	510	123	123	679	32	0	274	74	515	84	21	980	5	278	19	1381	104	121	5
GTEX.16MT8.0926	191	95	44	1395	825	89	6	60	119	185	1	212	9	110	81	291	551	23	0	182	227	364	554	39	106	22	54	45	158	290	1767	7
GTEX.16NPX.0926	23	244	68	1284	279	34	2	61	182	13	0	101	25	121	66	1361	130	35	0	47	137	201	665	31	6	33	56	243	40	107	1025	5
GTEX.16XZY.0426	33	6	99	4	51	20	182	74	263	6	584	27	33	101	233	1	30	43	0	99	114	132	57	1685	4	369	145	327	2	120	8	2744
GTEX.16YQH.0926	139	46	297	634	329	516	35	44	123	617	1	34	9	200	104	469	639	35	0	80	231	1025	1165	38	66	7	496	42	130	122	167	7
GTEX.17F9E.0926	0	527	1	87	114	27	1059	76	480	120	41	58	9	103	35	134	32	26	0	1133	380	6	70	336	1	2336	40	152	33	38	182	9
GTEX.17F9Y.1326	530	456	787	301	322	424	0	79	32	41	2	69	7	303	135	138	450	18	0	160	56	643	402	20	522	80	1143	18	164	84	418	3
GTEX.17GQL.0526	0	490	0	430	137	13	277	54	224	50	1	222	46	61	9	627	31	98	0	89	387	6	119	106	0	381	1	538	97	213	440	0
GTEX.17HGU.1026	948	38	133	170	380	543	5	96	98	175	1	75	13	281	100	147	726	5	0	72	44	575	199	10	956	0	315	5	371	53	14	0
GTEX.17HHY.1426	33	725	7	294	302	57	0	87	152	333	0	85	24	438	59	72	163	11	0	168	136	96	86	22	11	26	105	94	377	128	603	4
GTEX.17HII.1326	99	0	40	580	1254	5	5	111	65	1	0	102	40	7	94	27	155	273	0	2	139	18	47	15	0	3	1	2	50	5103	97	28
GTEX.17JCI.1126	27	1805	15	371	272	358	17	69	178	354	3	77	17	1296	45	213	335	23	0	187	166	281	848	38	8	118	182	75	565	150	687	4
GTEX.17KNJ.0826	6	258	1	34	107	19	967	14	440	321	322	85	1	146	234	48	52	30	0	287	662	20	73	902	0	1246	2	1137	28	44	208	197
GTEX.17MF6.0726	74	21	9	1139	721	94	56	203	70	274	6	150	40	60	92	813	694	105	0	46	601	315	1288	113	20	5	29	163	12	427	237	16
GTEX.18465.0926	487	89	1033	356	941	9	0	71	52	13	0	121	20	404	138	181	286	130	0	29	43	820	457	30	5	18	66	20	70	1208	427	117
GTEX.18A66.1226	102	87	84	431	557	11	47	74	399	0	47	380	14	104	859	93	104	498	0	59	552	114	105	149	20	576	179	44	106	522	901	70
GTEX.18A67.1226	0	38	0	31	34	0	31	58	273	0	22	9	7	9	36	8	3	12	0	18	306	0	14	217	0	2940	0	42	2	41	547	73
GTEX.18A6Q.1626	315	32	1220	192	234	32	1	23	140	15	7	111	3	347	267	56	173	25	0	61	79	587	249	107	136	44	604	193	29	100	583	235
GTEX.18D9B.1226	166	3	387	106	528	25	417	266	208	87	2	29	87	57	243	108	139	85	0	37	719	428	102	241	19	245	153	186	0	1192	90	135
GTEX.18D9U.1126	14	16	26	14	99	62	579	66	180	98	1059	114	59	206	449	8	91	69	0	167	269	251	159	1016	3	321	310	94	0	124	13	2474
GTEX.1A3MW.1326	145	118	94	445	375	259	10	120	238	2063	10	44	8	290	123	247	266	11	0	83	310	335	124	22	436	2	575	641	100	126	24	14
GTEX.1A3MX.1326	85	31	495	1543	797	3	2	12	108	118	1	13	2	162	110	375	447	29	0	14	263	856	989	78	7	33	78	223	60	201	1317	50
GTEX.1A8G6.1626	126	187	5	53	73	1432	38	209	173	394	23	60	41	259	89	62	273	5	0	465	36	108	213	49	877	7	317	69	154	68	14	0
GTEX.1AX9I.1126	98	67	11	952	403	549	78	142	138	863	2	220	41	93	91	1204	623	20	0	410	402	374	620	19	108	1	68	284	98	186	195	1
GTEX.1AX9J.1026	150	779	129	216	112	1178	0	40	96	97	11	59	6	428	154	220	352	13	0	275	63	753	658	34	598	50	752	21	310	70	343	5
GTEX.1AX9K.0526	60	494	58	597	199	495	2	81	198	112	15	183	18	214	50	1399	315	40	0	561	46	298	484	31	230	58	257	44	610	83	605	1
GTEX.1AYCT.0426	4	665	0	134	175	17	72	74	1401	17	103	140	5	241	342	143	44	45	0	300	588	17	61	506	3	1532	14	1137	47	78	743	28
GTEX.1B8KE.0126	0	0	0	0	15	0	165	49	134	0	1813	20	9	1	525	0	4	41	0	12	81	1	6	687	0	117	0	32	0	80	4	930
GTEX.1B8L1.0526	27	689	0	1981	242	72	0	3169	301	10	0	668	3796	2	1	1234	147	517	0	151	65	0	18	0	7	7	0	46	947	540	384	0
GTEX.1B8SG.0826	24	498	0	1165	231	112	9	179	235	524	0	103	35	170	14	2311	310	24	0	146	47	43	235	13	5	24	2	251	399	88	694	1
GTEX.1B932.1026	28	851	20	272	160	121	7	155	149	102	2	54	61	886	152	244	127	10	0	102	146	167	160	30	14	80	470	16	275	114	133	11
GTEX.1B97J.0726	12	13	1	101	177	3	2235	95	1164	54	731	221	1	21	1297	22	56	223	0	298	2048	12	60	1544	0	285	1	1046	7	110	15	360
GTEX.1B996.1126	1271	29	2738	147	273	700	10	158	93	374	2	200	96	217	241	122	458	288	0	108	85	1024	319	19	5393	4	1521	29	29	377	18	12
GTEX.1BAJH.1626	27	671	6	288	101	340	1	42	158	428	6	79	14	813	58	1097	167	23	0	173	26	171	261	30	55	2	131	204	252	42	284	0
GTEX.1C2JI.0526	8	92	0	105	111	41	1763	559	7134	112	165	1028	340	16	707	146	34	578	0	766	1505	1	11	268	2	359	1	1839	15	505	43	15
GTEX.1C64O.0826	60	455	3	344	162	865	8	19	86	298	4	212	1	173	46	1314	604	29	0	267	31	212	753	20	138	3	80	15	518	53	136	4
GTEX.1C6VQ.1126	1327	28	872	108	194	352	0	13	38	92	2	379	0	99	184	93	509	139	0	124	17	771	511	14	1920	1	327	8	51	148	83	2
GTEX.1CAMS.1326	847	318	3025	713	306	553	1	105	248	50	8	157	27	306	182	1694	617	99	0	189	67	2234	1109	25	2732	21	2223	321	314	205	577	37
GTEX.1CB4E.0526	12	577	0	285	206	179	250	80	614	333	125	297	4	156	218	1291	104	71	0	657	530	34	188	232	2	825	74	4297	71	131	519	34
GTEX.1CB4G.0826	147	330	169	320	138	250	1	24	167	148	0	44	1	463	208	550	231	17	0	70	74	261	159	13	314	17	650	81	181	33	398	13
GTEX.1CB4I.1626	22	32	9	112	380	15	3071	89	393	537	339	140	65	257	568	63	143	122	0	73	1850	99	167	2379	1	1061	31	1032	17	290	223	1113
GTEX.1CB4J.0326	2322	115	445	586	513	851	0	230	74	8	0	475	110	80	176	344	1902	177	0	218	30	694	815	7	2978	4	65	8	176	155	155	0
GTEX.1E1VI.1326	95	729	65	396	265	547	3	230	241	303	1	244	57	355	104	385	359	49	0	385	42	254	260	4	240	53	266	17	314	142	235	1
GTEX.1EH9U.0826	91	274	152	352	216	208	6	122	92	76	4	121	146	521	145	503	306	33	0	133	30	471	487	60	235	18	342	126	132	178	202	33
GTEX.1EKGG.1126	1009	830	80	564	162	1968	0	99	157	1	5	442	29	74	135	826	568	183	0	303	15	339	341	4	3375	5	279	12	800	145	341	1
GTEX.1EMGI.1226	248	230	666	177	105	1104	6	57	183	916	7	46	3	386	202	1222	260	11	0	122	29	411	399	20	424	7	1056	259	34	118	23	56
GTEX.1EN7A.0726	269	498	229	794	763	31	5	62	124	88	1	314	47	830	271	83	753	95	0	142	172	596	347	72	14	80	45	69	1163	353	1244	15
GTEX.1EU9M.1826	155	153	222	140	123	1080	44	86	230	147	276	129	46	272	895	240	197	26	0	435	29	319	287	111	135	23	1890	10	67	62	52	653
GTEX.1EWIQ.1426	217	254	690	311	219	155	2	43	67	67	8	221	6	312	375	84	325	19	0	204	114	941	487	98	40	26	560	26	217	257	532	130
GTEX.1EX96.2526	880	162	2141	393	259	253	33	0	70	66	6	280	0	267	293	652	522	17	0	242	95	1367	837	97	478	37	739	35	102	64	139	61
GTEX.1F48J.1026	50	3284	4	498	283	464	0	140	206	211	0	123	34	644	90	211	215	100	0	353	136	23	237	8	59	67	112	40	947	112	222	1
GTEX.1F5PK.0326	21	72	40	166	238	3	601	148	333	6	74	105	282	253	358	48	114	82	0	108	872	204	378	1697	0	1557	46	69	27	267	1251	1024
GTEX.1F6I4.0726	5	431	0	857	196	101	63	9	346	850	0	98	1	225	15	2232	189	25	0	436	302	41	365	17	2	47	18	552	165	175	842	2
GTEX.1F6IF.2526	953	1	2695	157	250	72	3	4	87	14	6	208	0	18	420	37	797	63	0	52	55	2779	833	101	41	0	164	2	0	193	10	338
GTEX.1F75I.1126	42	44	32	81	74	139	233	78	112	62	12	57	4	285	136	219	277	12	0	65	488	845	1797	804	45	38	78	440	16	27	313	101
GTEX.1GF9U.0426	5	331	0	111	170	81	285	33	443	138	60	105	6	190	160	180	57	32	0	310	349	25	106	322	2	626	107	765	52	101	68	88
GTEX.1GF9V.1626	31	1299	11	311	83	601	1	163	197	3	2	59	7	1044	103	177	280	66	0	303	12	494	699	33	159	98	189	24	429	22	604	1
GTEX.1GL5R.0326	0	5	1	11	42	0	63	152	250	0	476	9	108	7	99	0	4	28	0	12	133	2	3	679	0	1516	5	734	0	163	110	181
GTEX.1GMR2.1426	4	6	1	44	98	0	521	74	206	1	46	31	22	20	78	1	16	22	0	3	693	8	27	1377	0	2269	0	907	7	94	507	71
GTEX.1GMR3.0326	17	361	16	313	91	590	63	117	256	310	99	137	11	261	443	378	274	72	0	355	80	251	635	215	17	69	693	38	206	46	129	280
GTEX.1GMRU.1526	0	14	0	1252	952	0	102	53	263	4	0	10	59	3	11	98	25	375	0	19	1067	0	41	35	0	183	0	91	3	2670	1750	0
GTEX.1GN1V.0826	23	964	28	365	173	69	1	168	233	30	1	184	56	947	61	422	133	39	0	363	28	173	425	30	8	140	174	102	279	113	1295	2
GTEX.1GN1W.0326	2	137	0	23	54	0	37	223	177	1	259	21	465	26	133	26	8	20	0	45	368	5	91	1231	0	602	0	522	6	88	413	321
GTEX.1GN2E.1326	258	195	1180	846	354	135	3	85	130	19	2	189	14	130	117	414	572	39	0	141	94	1583	2158	86	277	19	591	86	127	203	947	45
GTEX.1GN73.2426	256	319	54	297	199	452	57	188	158	280	4	327	186	698	559	232	275	126	0	147	361	601	632	83	663	4	470	192	246	476	130	7
GTEX.1GTWX.1026	8	10	8	274	69	157	13	59	150	928	0	103	44	58	33	970	137	10	0	157	31	224	373	15	39	0	56	64	11	113	7	0
GTEX.1GZ4I.1026	59	1046	10	1311	566	412	6	211	224	124	2	58	43	252	109	945	494	28	0	162	385	178	1122	86	68	52	128	84	490	196	797	2
GTEX.1H11D.1226	53	381	20	962	341	140	103	43	244	18	12	248	1	259	97	504	295	39	0	172	513	546	1831	517	57	236	239	144	303	127	1510	28
GTEX.1H1CY.0326	75	98	8	625	992	16	33	1	130	98	0	83	0	612	117	175	597	45	0	68	693	410	784	185	9	53	14	120	124	1017	1515	17
GTEX.1H1ZS.1126	11	638	2	844	345	150	11	125	329	44	2	56	21	438	80	132	220	957	0	476	644	147	944	189	10	571	12	105	157	139	2306	0
GTEX.1H23P.1226	9	211	3	382	252	71	20	15	191	628	2	44	0	352	57	523	218	22	0	61	304	105	767	56	1	25	37	198	55	89	81	3
GTEX.1H3NZ.1126	25	992	5	1396	290	638	5	20	225	5	1	106	0	293	40	1484	248	78	0	303	44	61	312	25	74	74	96	42	701	95	619	4
GTEX.1HBPH.0126	8	1754	0	679	199	457	54	177	310	1450	6	165	27	146	78	431	263	35	0	449	188	38	245	27	12	31	23	304	830	99	92	1
GTEX.1HBPM.1226	25	923	6	527	179	289	10	3	130	385	8	115	0	503	80	599	240	24	0	302	110	122	394	30	12	20	183	172	350	70	448	1
GTEX.1HC8U.0726	72	416	36	269	226	380	14	5	166	1007	6	23	0	731	52	346	423	7	0	98	85	192	51	18	30	22	181	103	1029	96	84	15
GTEX.1HCU6.1026	73	139	5	340	303	866	65	97	188	2006	3	152	15	233	74	632	288	25	0	231	199	188	310	8	171	1	172	680	39	149	26	0
GTEX.1HCU7.1326	10	129	13	1280	216	3	0	46	119	1	1	110	12	199	29	725	181	4	0	45	40	168	380	49	3	37	2	65	297	33	2243	8
GTEX.1HCUA.0526	1	1	0	427	921	0	97	73	386	0	0	11	25	3	242	2	77	13	0	26	2102	8	84	1383	0	1381	0	174	1	214	1814	57
GTEX.1HCVE.1126	174	424	106	697	423	292	5	474	114	241	0	184	180	253	81	1120	646	60	0	365	48	643	887	3	96	5	142	20	284	137	325	1
GTEX.1HFI7.0826	0	53	0	18	49	0	61	13	187	3	22	18	1	46	74	0	30	0	0	115	389	18	54	623	0	833	1	76	8	17	171	94
GTEX.1HSGN.1126	1	60	2	22	30	0	755	171	211	0	52	1	89	5	15	169	5	33	0	10	275	0	19	200	0	533	0	2671	8	245	265	13
GTEX.1HSMO.1226	331	388	19	668	404	1032	19	60	133	301	1	385	15	59	366	552	400	158	0	280	85	75	174	1	725	0	135	7	281	357	12	1
GTEX.1HSMQ.0226	11	180	38	140	148	45	598	8	485	88	134	170	0	167	173	112	130	159	0	141	626	350	639	859	1	1323	185	174	31	86	266	572
GTEX.1HT8W.1726	244	185	122	236	121	1026	10	253	161	216	4	124	124	409	210	432	257	102	0	150	37	486	893	19	1143	12	917	58	50	111	122	0
GTEX.1I1GP.0826	55	263	10	1138	336	162	7	109	74	339	0	177	10	118	48	2204	647	49	0	126	87	534	1958	6	80	2	41	146	221	168	860	0
GTEX.1I1GQ.1426	55	755	37	931	365	1584	41	6	277	968	14	169	0	145	196	758	451	93	0	779	246	335	1374	48	191	30	246	137	105	161	334	0
GTEX.1I1GV.1326	185	485	1218	1120	318	75	4	296	242	49	8	123	87	410	215	1448	353	49	0	93	153	1589	2159	244	63	92	454	108	193	144	1161	97
GTEX.1I1HK.0726	11	118	1	1134	242	215	88	314	365	468	1	118	770	161	39	977	481	45	0	103	519	285	4153	155	5	84	6	141	45	207	994	0
GTEX.1I6K7.0626	2	4	0	19	119	3	594	219	198	9	489	90	86	3	721	2	10	32	0	77	1354	3	28	1170	1	190	9	38	0	189	15	846
GTEX.1ICG6.0626	35	42	45	29	65	4	268	239	462	36	1017	185	471	47	693	15	62	222	0	157	853	82	164	1597	6	1692	50	314	28	227	354	2807
GTEX.1ICLY.1326	1	714	0	2159	180	14	8	86	322	729	0	134	31	87	14	2185	80	122	0	137	194	14	87	25	2	49	24	482	476	243	1135	1
GTEX.1ICLZ.1026	399	16	446	1465	816	17	15	128	50	27	0	113	104	16	273	531	736	74	0	22	1010	1031	1314	42	2	2	52	3	46	553	164	74
GTEX.1IDJE.0326	0	0	0	4	4	0	411	84	66	2	74	1	62	0	70	4	3	53	0	5	214	0	8	390	0	80	0	43	0	82	31	437
GTEX.1IDJF.0726	1	820	1	373	99	28	87	10	295	5	0	59	1	132	41	151	46	18	0	76	201	17	279	530	0	505	1	290	847	57	735	32
GTEX.1IDJH.1026	169	59	170	9	63	653	3	13	65	201	5	115	5	239	144	37	110	35	0	235	7	107	10	4	1009	2	2253	3	53	64	0	0
GTEX.1IDJI.1026	2	196	2	11	79	28	1377	47	402	55	2056	73	8	115	835	21	10	88	0	89	650	24	112	2008	1	825	60	194	10	211	98	1517
GTEX.1IDJU.0726	70	4	6	98	731	0	670	133	214	2	275	89	53	5	588	1	110	65	0	9	1522	120	30	3506	0	845	1	69	6	325	101	1582
GTEX.1IKJJ.0826	708	48	431	844	397	412	36	18	292	1202	0	357	3	52	177	953	790	72	0	172	790	813	182	44	414	24	90	363	409	95	104	21
GTEX.1IKK5.1526	959	15	4312	6	93	378	0	76	58	1	21	109	11	268	867	2	121	56	0	83	8	1354	79	32	1108	0	2422	1	14	119	8	1175
GTEX.1IKOE.1026	0	1128	0	140	131	11	502	37	472	25	4	24	4	165	15	289	20	28	0	396	765	0	102	203	0	879	0	1077	112	383	526	0
GTEX.1IL2U.1326	173	154	1044	69	179	39	20	3	252	2	26	233	0	959	229	4	259	59	0	146	66	1304	320	184	47	197	838	48	82	72	397	189
GTEX.1J8EW.0926	1	927	0	560	107	255	182	161	514	100	45	129	35	829	116	761	78	68	0	392	437	77	912	524	1	840	80	428	31	78	679	10
GTEX.1J8Q2.1226	1198	470	2383	135	236	198	4	54	120	410	3	125	52	571	90	334	430	36	0	135	28	1396	169	23	693	30	172	118	1152	89	140	28
GTEX.1J8Q3.1226	1	8	0	77	173	0	679	49	312	0	1364	66	18	2	253	7	0	111	0	11	1074	0	15	700	0	808	1	1676	0	96	297	2673
GTEX.1J8QM.0426	2	98	0	84	105	6	4221	84	425	177	1056	163	29	4	638	63	14	162	0	132	2021	3	1	432	0	165	10	34	62	194	30	185
GTEX.1JJ6O.2126	7	1725	1	951	226	310	11	90	190	112	13	113	27	559	47	2137	161	89	0	346	104	89	777	88	36	60	133	109	428	178	505	4
GTEX.1JJE9.1426	77	234	59	1985	722	18	0	237	94	13	1	149	329	190	78	1550	551	432	0	37	99	472	1625	32	3	4	11	30	380	406	1535	1
GTEX.1JJEA.0826	235	92	1258	113	136	364	21	123	102	72	4	427	42	157	773	52	250	175	0	118	77	1454	725	122	212	5	1720	24	19	154	158	226
GTEX.1JK1U.0526	6	3	3	12	47	5	179	85	256	3	845	70	4	16	255	2	21	37	0	35	338	21	27	1996	3	1761	8	144	0	42	284	2048
GTEX.1JMLX.1626	1728	0	4782	14	149	68	28	6	25	18	4	143	2	19	592	3	234	85	0	33	116	808	147	97	686	0	403	5	0	283	0	140
GTEX.1JMOU.0226	308	230	129	689	606	1408	23	118	133	438	1	205	48	189	400	591	1021	39	0	323	393	486	725	58	320	6	474	15	211	253	67	32
GTEX.1JMPZ.1426	248	94	106	677	776	265	22	6	270	102	13	214	0	12	1040	581	453	637	0	308	293	270	248	39	7	71	32	129	29	1100	263	91
GTEX.1JMQK.0626	538	7	830	826	418	74	55	14	133	443	1	96	3	53	577	173	887	31	0	51	1355	1242	1446	374	92	4	55	222	5	159	35	549
GTEX.1JN1M.1026	120	21	45	727	392	457	77	5	119	729	9	94	0	56	79	1069	804	4	0	140	150	360	658	38	93	0	136	19	56	124	31	19
GTEX.1JN6P.1126	58	1351	3	831	328	311	9	296	287	698	1	80	46	1063	60	1927	503	57	0	568	113	159	583	11	40	18	42	298	956	144	867	0
GTEX.1K9T9.1126	8	231	0	1277	292	240	13	35	184	488	2	437	10	52	50	288	552	71	0	278	317	71	557	52	6	7	18	7	675	138	81	2
GTEX.1KANC.0426	0	30	0	17	25	0	0	59	326	0	2	1	33	21	19	0	0	68	0	6	51	1	2	101	0	3818	0	335	1	156	721	6
GTEX.1KD4Q.0726	51	326	28	605	343	519	47	95	170	2174	1	289	27	635	111	1003	795	86	0	406	206	389	1532	51	53	5	174	73	345	117	456	0
GTEX.1KD5A.1026	59	457	11	2163	577	289	44	250	216	257	4	342	40	152	52	3653	612	341	0	240	133	261	979	13	92	58	40	76	314	260	505	3
GTEX.1KXAM.1326	15	12	31	26	90	0	65	9	426	0	400	76	0	20	304	1	15	57	0	47	191	5	21	2212	0	4101	3	336	1	122	377	2137
GTEX.1L5NE.0426	15	0	2	0	35	4	59	122	185	0	2086	22	87	0	975	0	2	100	0	10	63	6	0	295	0	21	4	2	0	157	2	4573
GTEX.1LB8K.1026	205	127	839	400	158	11	2	6	173	1	3	152	0	480	328	19	314	45	0	36	108	2326	2061	450	6	84	67	1	206	173	1739	836
GTEX.1LC47.1026	9	1044	0	2435	878	516	42	195	445	56	10	627	236	356	125	1299	620	78	0	924	527	33	890	159	8	181	10	81	1194	561	715	3
GTEX.1LG7Y.1226	1162	17	72	377	562	1291	33	131	81	421	1	555	3	141	329	318	1586	117	0	328	282	744	1428	9	591	0	186	29	111	188	14	1
GTEX.1LGRB.1126	28	21	8	8	100	3	785	8	351	0	2849	48	0	0	902	5	14	126	0	42	254	36	19	1953	0	742	26	11	0	176	24	4375
GTEX.1LH75.0426	315	305	113	974	335	1446	43	78	385	791	1	428	7	358	259	2490	549	1088	0	279	238	208	923	56	1065	4	289	494	140	192	56	5
GTEX.1LSNM.0526	49	2	6	105	775	1	1120	8	131	50	3	43	2	1	158	115	65	32	0	16	1243	8	32	134	4	45	3	794	0	278	32	39
GTEX.1LVA9.0926	85	490	157	421	189	179	2	110	193	5	9	66	43	849	103	508	156	66	0	186	17	779	1216	112	355	150	783	102	134	140	1026	45
GTEX.1LVAN.1726	102	711	140	905	388	504	157	78	624	165	62	190	10	191	304	2873	329	132	0	269	222	415	1162	303	317	369	658	476	181	258	493	34
GTEX.1M5QR.1026	374	586	3	992	370	332	0	18	133	63	2	104	0	846	39	621	473	18	0	132	30	240	425	7	424	20	50	16	1474	120	638	1
GTEX.1MCC2.0326	0	33	0	24	30	1	1573	16	467	6	100	33	1	6	40	12	0	50	0	105	460	0	10	314	0	1684	0	209	2	86	113	15
GTEX.1MJIX.0326	19	1049	13	132	98	473	10	1	218	188	1	70	0	248	32	193	82	47	0	327	24	22	102	10	55	94	70	31	872	45	75	1
GTEX.1MUQO.1226	0	249	0	40	90	3	2997	39	370	141	194	32	3	104	39	24	16	16	0	141	948	2	35	830	0	2259	4	1682	16	90	209	11
GTEX.1N2EF.2826	224	741	82	710	271	834	17	112	132	1517	10	247	10	455	128	963	607	106	0	442	94	201	139	16	660	55	472	25	713	132	238	9
GTEX.1NV8Z.1526	1683	189	549	404	621	1044	24	75	24	1514	0	268	30	333	36	169	1083	39	0	474	59	797	160	2	1151	2	983	46	492	298	43	0
GTEX.1O97I.0826	107	343	38	322	255	384	19	6	130	999	2	341	0	500	90	269	459	48	0	256	80	429	237	21	246	33	158	114	578	59	433	3
GTEX.1O9I2.1126	28	925	7	496	174	289	8	9	212	162	0	64	0	194	51	342	216	27	0	181	130	89	591	15	32	20	18	56	511	114	381	0
GTEX.1OFPY.1026	1	423	0	52	80	27	580	101	409	226	587	50	5	263	179	48	43	12	0	418	388	18	60	517	0	464	5	1121	66	66	37	97
GTEX.1OKEX.0726	10	912	3	246	213	533	1508	208	574	1294	621	192	98	825	414	306	183	115	0	941	626	66	173	436	15	193	283	1148	96	203	50	371
GTEX.1POEN.0626	210	664	125	670	308	574	21	91	307	569	5	163	31	1182	132	680	387	70	0	413	107	412	479	45	507	69	397	321	387	123	405	14
GTEX.1PPGY.1126	0	3614	0	922	143	82	31	26	263	44	1	181	3	535	32	1320	73	17	0	466	164	19	402	68	0	181	4	66	1092	75	1302	1
GTEX.1PPH7.2026	186	85	44	282	157	518	2	572	44	100	1	268	658	137	72	637	291	184	0	113	48	173	256	23	426	7	125	30	214	1359	59	2
GTEX.1PWST.1026	241	219	7	90	179	3990	6	14	103	121	17	466	2	146	605	33	356	32	0	1079	63	43	127	50	945	2	125	0	273	177	3	0
GTEX.1QCLZ.0926	0	132	0	60	83	0	3266	79	399	57	38	38	17	4	8	18	5	18	0	70	781	0	11	198	0	4347	0	450	2	184	181	0
GTEX.1QP29.1526	183	1365	2	395	342	2067	14	58	150	770	3	269	7	376	46	181	738	57	0	761	31	54	163	1	649	16	66	16	1755	143	125	0
GTEX.1QP2A.1126	25	1490	0	868	448	57	5	61	90	115	0	56	16	326	16	361	221	16	0	94	16	223	43	4	29	25	7	52	3107	138	701	0
GTEX.1QPFJ.1026	0	17	0	3	22	7	837	79	292	8	1960	57	32	14	262	1	5	29	0	85	339	3	11	1347	0	524	2	349	3	150	12	114
GTEX.1R7EV.0326	0	12	0	32	64	0	4928	229	268	7	85	87	194	2	56	42	6	32	0	201	1315	5	33	1212	0	728	0	825	2	165	146	50
GTEX.1R9JW.0526	1	270	4	33	63	15	347	62	418	2	264	107	47	11	615	22	14	69	0	143	1381	45	117	2487	0	2762	55	527	4	153	372	673
GTEX.1R9K4.1326	1	544	1	2273	384	3	7	5	262	11	0	179	0	22	61	1111	35	49	0	177	576	14	137	55	0	30	2	97	320	174	1241	2
GTEX.1R9K5.1326	157	1220	60	669	201	89	6	75	309	49	4	217	18	511	616	461	303	76	0	207	65	264	424	39	65	103	51	62	2372	79	903	3
GTEX.1R9PO.0326	515	53	871	450	275	888	2	10	102	65	4	193	2	133	421	697	442	75	0	70	60	985	628	30	1674	2	1813	12	37	223	37	62
GTEX.1RAZS.0826	318	127	232	160	197	251	0	155	106	100	0	106	235	637	62	113	1118	27	0	61	16	2345	836	60	38	4	112	4	673	87	90	4
GTEX.1RB15.0326	57	14	476	21	45	26	92	236	192	103	34	3	337	325	345	10	29	417	0	23	513	186	20	182	16	87	788	774	6	118	33	953
GTEX.1RMOY.0626	6	1	0	32	92	4	1346	0	168	112	186	24	0	16	129	56	26	11	0	31	541	38	26	552	0	124	2	526	0	45	44	190
GTEX.1S3DN.0726	11	359	0	337	91	100	68	288	136	60	6	96	193	234	41	1026	118	114	0	74	177	109	485	341	11	384	20	324	65	104	574	8
